0,Sitting
1,Sitting
2,Sitting
3,Sitting
4,Sitting
5,Sitting
6,Sitting
7,Sitting
8,Sitting
9,Sitting
10,Sitting
11,Sitting
12,Sitting
13,Sitting
14,Sitting
15,Sitting
16,Sitting
17,Sitting
18,Sitting
19,Sitting
20,Sitting
21,Sitting
22,Sitting
23,Sitting
24,Sitting
25,Sitting
26,Sitting
27,Sitting
28,Sitting
29,Sitting
30,Sitting
31,Sitting
32,Sitting
33,Sitting
34,Sitting
35,Sitting
36,Sitting
37,Sitting
38,Sitting
39,Sitting
40,Sitting
41,Sitting
42,Sitting
43,Sitting
44,Sitting
45,Sitting
46,Sitting
47,Sitting
48,Sitting
49,Sitting
50,Sitting
51,Sitting
52,Sitting
53,Sitting
54,Sitting
55,Sitting
56,Sitting
57,Sitting
58,Sitting
59,Sitting
60,Sitting
61,Sitting
62,Sitting
63,Sitting
64,Sitting
65,Sitting
66,Sitting
67,Sitting
68,Sitting
69,Sitting
70,Sitting
71,Sitting
72,Sitting
73,Sitting
74,Sitting
75,Sitting
76,Sitting
77,Sitting
78,Sitting
79,Sitting
80,Sitting
81,Sitting
82,Sitting
83,Sitting
84,Sitting
85,Sitting
86,Sitting
87,Sitting
88,Sitting
89,Sitting
90,Sitting
91,Sitting
92,Sitting
93,Sitting
94,Sitting
95,Sitting
96,Sitting
97,Sitting
98,Sitting
99,Sitting
100,Sitting
101,Sitting
102,Sitting
103,Sitting
104,Sitting
105,Sitting
106,Sitting
107,Sitting
108,Sitting
109,Sitting
110,Sitting
111,Sitting
112,Sitting
113,Sitting
114,Sitting
115,Sitting
116,Sitting
117,Sitting
118,Sitting
119,Sitting
120,Sitting
121,Sitting
122,Sitting
123,Sitting
124,Sitting
125,Sitting
126,Sitting
127,Sitting
128,Sitting
129,Sitting
130,Sitting
131,Sitting
132,Sitting
133,Sitting
134,Sitting
135,Sitting
136,Sitting
137,Sitting
138,Sitting
139,Sitting
140,Sitting
141,Sitting
142,Sitting
143,Sitting
144,Sitting
145,Sitting
146,Sitting
147,Sitting
148,Sitting
149,Sitting
150,Sitting
151,Sitting
152,Sitting
153,Sitting
154,Sitting
155,Sitting
156,Sitting
157,Sitting
158,Sitting
159,Sitting
160,Sitting
161,Sitting
162,Sitting
163,Sitting
164,Sitting
165,Sitting
166,Sitting
167,Sitting
168,Sitting
169,Sitting
170,Sitting
171,Sitting
172,Sitting
173,Sitting
174,Sitting
175,Sitting
176,Sitting
177,Sitting
178,Sitting
179,Sitting
180,Sitting
181,Sitting
182,Sitting
183,Sitting
184,Sitting
185,Sitting
186,Sitting
187,Sitting
188,Sitting
189,Sitting
190,Sitting
191,Sitting
192,Sitting
193,Sitting
194,Sitting
195,Sitting
196,Sitting
197,Sitting
198,Sitting
199,Sitting
200,Sitting
201,Sitting
202,Sitting
203,Sitting
204,Sitting
205,Sitting
206,Sitting
207,Sitting
208,Sitting
209,Sitting
210,Sitting
211,Sitting
212,Sitting
213,Sitting
214,Sitting
215,Sitting
216,Sitting
217,Sitting
218,Sitting
219,Sitting
220,Sitting
221,Sitting
222,Sitting
223,Sitting
224,Sitting
225,Sitting
226,Sitting
227,Sitting
228,Sitting
229,Sitting
230,Sitting
231,Sitting
232,Sitting
233,Sitting
234,Sitting
235,Sitting
236,Sitting
237,Sitting
238,Sitting
239,Sitting
240,Sitting
241,Sitting
242,Sitting
243,Sitting
244,Sitting
245,Sitting
246,Sitting
247,Sitting
248,Sitting
249,Sitting
250,Sitting
251,Sitting
252,Sitting
253,Sitting
254,Sitting
255,Sitting
256,Sitting
257,Sitting
258,Sitting
259,Sitting
260,Sitting
261,Sitting
262,Sitting
263,Sitting
264,Sitting
265,Sitting
266,Sitting
267,Sitting
268,Sitting
269,Sitting
270,Sitting
271,Sitting
272,Sitting
273,Sitting
274,Sitting
275,Sitting
276,Sitting
277,Sitting
278,Sitting
279,Sitting
280,Sitting
281,Sitting
282,Sitting
283,Sitting
284,Sitting
285,Sitting
286,Sitting
287,Sitting
288,Sitting
289,Sitting
290,Sitting
291,Sitting
292,Sitting
293,Sitting
294,Sitting
295,Sitting
296,Sitting
297,Sitting
298,Sitting
299,Sitting
300,Sitting
301,Sitting
302,Sitting
303,Sitting
304,Sitting
305,Sitting
306,Sitting
307,Sitting
308,Sitting
309,Sitting
310,Sitting
311,Sitting
312,Sitting
313,Sitting
314,Sitting
315,Sitting
316,Sitting
317,Sitting
318,Sitting
319,Sitting
320,Sitting
321,Sitting
322,Sitting
323,Sitting
324,Sitting
325,Sitting
326,Sitting
327,Sitting
328,Sitting
329,Sitting
330,Sitting
331,Sitting
332,Sitting
333,Sitting
334,Sitting
335,Sitting
336,Sitting
337,Sitting
338,Sitting
339,Sitting
340,Sitting
341,Sitting
342,Sitting
343,Sitting
344,Sitting
345,Sitting
346,Sitting
347,Sitting
348,Sitting
349,Sitting
350,Sitting
351,Sitting
352,Sitting
353,Sitting
354,Sitting
355,Sitting
356,Sitting
357,Sitting
358,Sitting
359,Sitting
360,Sitting
361,Sitting
362,Sitting
363,Sitting
364,Sitting
365,Sitting
366,Sitting
367,Sitting
368,Sitting
369,Sitting
370,Sitting
371,Sitting
372,Sitting
373,Sitting
374,Sitting
375,Sitting
376,Sitting
377,Sitting
378,Sitting
379,Sitting
380,Sitting
381,Sitting
382,Sitting
383,Sitting
384,Sitting
385,Sitting
386,Sitting
387,Sitting
388,Sitting
389,Sitting
390,Sitting
391,Sitting
392,Sitting
393,Sitting
394,Sitting
395,Sitting
396,Sitting
397,Sitting
398,Sitting
399,Sitting
400,Sitting
401,Sitting
402,Sitting
403,Sitting
404,Sitting
405,Sitting
406,Sitting
407,Sitting
408,Sitting
409,Sitting
410,Sitting
411,Sitting
412,Sitting
413,Sitting
414,Sitting
415,Sitting
416,Sitting
417,Sitting
418,Sitting
419,Sitting
420,Sitting
421,Sitting
422,Sitting
423,Sitting
424,Sitting
425,Sitting
426,Sitting
427,Sitting
428,Sitting
429,Sitting
430,Sitting
431,Sitting
432,Sitting
433,Sitting
434,Sitting
435,Sitting
436,Sitting
437,Sitting
438,Sitting
439,Sitting
440,Sitting
441,Sitting
442,Sitting
443,Sitting
444,Sitting
445,Sitting
446,Sitting
447,Sitting
448,Sitting
449,Sitting
450,Sitting
451,Sitting
452,Sitting
453,Sitting
454,Sitting
455,Sitting
456,Sitting
457,Sitting
458,Sitting
459,Sitting
460,Sitting
461,Sitting
462,Sitting
463,Sitting
464,Sitting
465,Sitting
466,Sitting
467,Sitting
468,Sitting
469,Sitting
470,Sitting
471,Sitting
472,Sitting
473,Sitting
474,Sitting
475,Sitting
476,Sitting
477,Sitting
478,Sitting
479,Sitting
480,Sitting
481,Sitting
482,Sitting
483,Sitting
484,Sitting
485,Sitting
486,Sitting
487,Sitting
488,Sitting
489,Sitting
490,Sitting
491,Sitting
492,Sitting
493,Sitting
494,Sitting
495,Sitting
496,Sitting
497,Sitting
498,Sitting
499,Sitting
500,Sitting
501,Sitting
502,Sitting
503,Sitting
504,Sitting
505,Sitting
506,Sitting
507,Sitting
508,Sitting
509,Sitting
510,Sitting
511,Sitting
512,Sitting
513,Sitting
514,Sitting
515,Sitting
516,Sitting
517,Sitting
518,Sitting
519,Sitting
520,Sitting
521,Sitting
522,Sitting
523,Sitting
524,Sitting
525,Sitting
526,Sitting
527,Sitting
528,Sitting
529,Sitting
530,Sitting
531,Sitting
532,Sitting
533,Sitting
534,Sitting
535,Sitting
536,Sitting
537,Sitting
538,Sitting
539,Sitting
540,Sitting
541,Sitting
542,Sitting
543,Sitting
544,Sitting
545,Sitting
546,Sitting
547,Sitting
548,Sitting
549,Sitting
550,Sitting
551,Sitting
552,Sitting
553,Sitting
554,Sitting
555,Sitting
556,Sitting
557,Sitting
558,Sitting
559,Sitting
560,Sitting
561,Sitting
562,Sitting
563,Sitting
564,Sitting
565,Sitting
566,Sitting
567,Sitting
568,Sitting
569,Sitting
570,Sitting
571,Sitting
572,Sitting
573,Sitting
574,Sitting
575,Sitting
576,Sitting
577,Sitting
578,Sitting
579,Sitting
580,Sitting
581,Sitting
582,Sitting
583,Sitting
584,Sitting
585,Sitting
586,Sitting
587,Sitting
588,Sitting
589,Sitting
590,Sitting
591,Sitting
592,Sitting
593,Sitting
594,Sitting
595,Sitting
596,Sitting
597,Sitting
598,Sitting
599,Sitting
600,Sitting
601,Sitting
602,Sitting
603,Sitting
604,Sitting
605,Sitting
606,Sitting
607,Sitting
608,Sitting
609,Sitting
610,Sitting
611,Sitting
612,Sitting
613,Sitting
614,Sitting
615,Sitting
616,Sitting
617,Sitting
618,Sitting
619,Sitting
620,Sitting
621,Sitting
622,Sitting
623,Sitting
624,Sitting
625,Sitting
626,Sitting
627,Sitting
628,Sitting
629,Sitting
630,Sitting
631,Sitting
632,Sitting
633,Sitting
634,Sitting
635,Sitting
636,Sitting
637,Sitting
638,Sitting
639,Sitting
640,Sitting
641,Sitting
642,Sitting
643,Sitting
644,Sitting
645,Sitting
646,Sitting
647,Sitting
648,Sitting
649,Sitting
650,Sitting
651,Sitting
652,Sitting
653,Sitting
654,Sitting
655,Sitting
656,Sitting
657,Sitting
658,Sitting
659,Sitting
660,Sitting
661,Sitting
662,Sitting
663,Sitting
664,Sitting
665,Sitting
666,Sitting
667,Sitting
668,Sitting
669,Sitting
670,Sitting
671,Sitting
672,Sitting
673,Sitting
674,Sitting
675,Sitting
676,Sitting
677,Sitting
678,Sitting
679,Sitting
680,Sitting
681,Sitting
682,Sitting
683,Sitting
684,Sitting
685,Sitting
686,Sitting
687,Sitting
688,Sitting
689,Sitting
690,Sitting
691,Sitting
692,Sitting
693,Sitting
694,Sitting
695,Sitting
696,Sitting
697,Sitting
698,Sitting
699,Sitting
700,Sitting
701,Sitting
702,Sitting
703,Sitting
704,Sitting
705,Sitting
706,Sitting
707,Sitting
708,Sitting
709,Sitting
710,Sitting
711,Sitting
712,Sitting
713,Sitting
714,Sitting
715,Sitting
716,Sitting
717,Sitting
718,Sitting
719,Sitting
720,Sitting
721,Sitting
722,Sitting
723,Sitting
724,Sitting
725,Sitting
726,Sitting
727,Sitting
728,Sitting
729,Sitting
730,Sitting
731,Sitting
732,Sitting
733,Sitting
734,Sitting
735,Sitting
736,Sitting
737,Sitting
738,Sitting
739,Sitting
740,Sitting
741,Sitting
742,Sitting
743,Sitting
744,Sitting
745,Sitting
746,Sitting
747,Sitting
748,Sitting
749,Sitting
750,Sitting
751,Sitting
752,Sitting
753,Sitting
754,Sitting
755,Sitting
756,Sitting
757,Sitting
758,Sitting
759,Sitting
760,Sitting
761,Sitting
762,Sitting
763,Sitting
764,Sitting
765,Sitting
766,Sitting
767,Sitting
768,Sitting
769,Sitting
770,Sitting
771,Sitting
772,Sitting
773,Sitting
774,Sitting
775,Sitting
776,Sitting
777,Sitting
778,Sitting
779,Sitting
780,Sitting
781,Sitting
782,Sitting
783,Sitting
784,Sitting
785,Sitting
786,Sitting
787,Sitting
788,Sitting
789,Sitting
790,Sitting
791,Sitting
792,Sitting
793,Sitting
794,Sitting
795,Sitting
796,Sitting
797,Sitting
798,Sitting
799,Sitting
800,Sitting
801,Sitting
802,Sitting
803,Sitting
804,Sitting
805,Sitting
806,Sitting
807,Sitting
808,Sitting
809,Sitting
810,Sitting
811,Sitting
812,Sitting
813,Sitting
814,Sitting
815,Sitting
816,Sitting
817,Sitting
818,Sitting
819,Sitting
820,Sitting
821,Sitting
822,Sitting
823,Sitting
824,Sitting
825,Sitting
826,Sitting
827,Sitting
828,Sitting
829,Sitting
830,Sitting
831,Sitting
832,Sitting
833,Sitting
834,Sitting
835,Sitting
836,Sitting
837,Sitting
838,Sitting
839,Sitting
840,Sitting
841,Sitting
842,Sitting
843,Sitting
844,Sitting
845,Sitting
846,Sitting
847,Sitting
848,Sitting
849,Sitting
850,Sitting
851,Sitting
852,Sitting
853,Sitting
854,Sitting
855,Sitting
856,Sitting
857,Sitting
858,Sitting
859,Sitting
860,Sitting
861,Sitting
862,Sitting
863,Sitting
864,Sitting
865,Sitting
866,Sitting
867,Sitting
868,Sitting
869,Sitting
870,Sitting
871,Sitting
872,Sitting
873,Sitting
874,Sitting
875,Sitting
876,Sitting
877,Sitting
878,Sitting
879,Sitting
880,Sitting
881,Sitting
882,Sitting
883,Sitting
884,Sitting
885,Sitting
886,Sitting
887,Sitting
888,Sitting
889,Sitting
890,Sitting
891,Sitting
892,Sitting
893,Sitting
894,Sitting
895,Sitting
896,Sitting
897,Sitting
898,Sitting
899,Sitting
900,Sitting
901,Sitting
902,Sitting
903,Sitting
904,Sitting
905,Sitting
906,Sitting
907,Sitting
908,Sitting
909,Sitting
910,Sitting
911,Sitting
912,Sitting
913,Sitting
914,Sitting
915,Sitting
916,Sitting
917,Sitting
918,Sitting
919,Sitting
920,Sitting
921,Sitting
922,Sitting
923,Sitting
924,Sitting
925,Sitting
926,Sitting
927,Sitting
928,Sitting
929,Sitting
930,Sitting
931,Sitting
932,Sitting
933,Sitting
934,Sitting
935,Sitting
936,Sitting
937,Sitting
938,Sitting
939,Sitting
940,Sitting
941,Sitting
942,Sitting
943,Sitting
944,Sitting
945,Sitting
946,Sitting
947,Sitting
948,Sitting
949,Sitting
950,Sitting
951,Sitting
952,Sitting
953,Sitting
954,Sitting
955,Sitting
956,Sitting
957,Sitting
958,Sitting
959,Sitting
960,Sitting
961,Sitting
962,Sitting
963,Sitting
964,Sitting
965,Sitting
966,Sitting
967,Sitting
968,Sitting
969,Sitting
970,Sitting
971,Sitting
972,Sitting
973,Sitting
974,Sitting
975,Sitting
976,Sitting
977,Sitting
978,Sitting
979,Sitting
980,Sitting
981,Sitting
982,Sitting
983,Sitting
984,Sitting
985,Sitting
986,Sitting
987,Sitting
988,Sitting
989,Sitting
990,Sitting
991,Sitting
992,Sitting
993,Sitting
994,Sitting
995,Sitting
996,Sitting
997,Sitting
998,Sitting
999,Sitting
1000,Sitting
1001,Sitting
1002,Sitting
1003,Sitting
1004,Sitting
1005,Sitting
1006,Sitting
1007,Sitting
1008,Sitting
1009,Sitting
1010,Sitting
1011,Sitting
1012,Sitting
1013,Sitting
1014,Sitting
1015,Sitting
1016,Sitting
1017,Sitting
1018,Sitting
1019,Sitting
1020,Sitting
1021,Sitting
1022,Sitting
1023,Sitting
1024,Sitting
1025,Sitting
1026,Sitting
1027,Sitting
1028,Sitting
1029,Sitting
1030,Sitting
1031,Sitting
1032,Sitting
1033,Sitting
1034,Sitting
1035,Sitting
1036,Sitting
1037,Sitting
1038,Sitting
1039,Sitting
1040,Sitting
1041,Sitting
1042,Sitting
1043,Sitting
1044,Sitting
1045,Sitting
1046,Sitting
1047,Sitting
1048,Sitting
1049,Sitting
1050,Sitting
1051,Sitting
1052,Sitting
1053,Sitting
1054,Sitting
1055,Sitting
1056,Sitting
1057,Sitting
1058,Sitting
1059,Sitting
1060,Sitting
1061,Sitting
1062,Sitting
1063,Sitting
1064,Sitting
1065,Sitting
1066,Sitting
1067,Sitting
1068,Sitting
1069,Sitting
1070,Sitting
1071,Sitting
1072,Sitting
1073,Sitting
1074,Sitting
1075,Sitting
1076,Sitting
1077,Sitting
1078,Sitting
1079,Sitting
1080,Sitting
1081,Sitting
1082,Sitting
1083,Sitting
1084,Sitting
1085,Sitting
1086,Sitting
1087,Sitting
1088,Sitting
1089,Sitting
1090,Sitting
1091,Sitting
1092,Sitting
1093,Sitting
1094,Sitting
1095,Sitting
1096,Sitting
1097,Sitting
1098,Sitting
1099,Sitting
1100,Sitting
1101,Sitting
1102,Sitting
1103,Sitting
1104,Sitting
1105,Sitting
1106,Sitting
1107,Sitting
1108,Sitting
1109,Sitting
1110,Sitting
1111,Sitting
1112,Sitting
1113,Sitting
1114,Sitting
1115,Sitting
1116,Sitting
1117,Sitting
1118,Sitting
1119,Sitting
1120,Sitting
1121,Sitting
1122,Sitting
1123,Sitting
1124,Sitting
1125,Sitting
1126,Sitting
1127,Sitting
1128,Sitting
1129,Sitting
1130,Sitting
1131,Sitting
1132,Sitting
1133,Sitting
1134,Sitting
1135,Sitting
1136,Sitting
1137,Sitting
1138,Sitting
1139,Sitting
1140,Sitting
1141,Sitting
1142,Sitting
1143,Sitting
1144,Sitting
1145,Sitting
1146,Sitting
1147,Sitting
1148,Sitting
1149,Sitting
1150,Sitting
1151,Sitting
1152,Sitting
1153,Sitting
1154,Sitting
1155,Sitting
1156,Sitting
1157,Sitting
1158,Sitting
1159,Sitting
1160,Sitting
1161,Sitting
1162,Sitting
1163,Sitting
1164,Sitting
1165,Sitting
1166,Sitting
1167,Sitting
1168,Sitting
1169,Sitting
1170,Sitting
1171,Sitting
1172,Sitting
1173,Sitting
1174,Sitting
1175,Sitting
1176,Sitting
1177,Sitting
1178,Sitting
1179,Sitting
1180,Sitting
1181,Sitting
1182,Sitting
1183,Sitting
1184,Sitting
1185,Sitting
1186,Sitting
1187,Sitting
1188,Sitting
1189,Sitting
1190,Sitting
1191,Sitting
1192,Sitting
1193,Sitting
1194,Sitting
1195,Sitting
1196,Sitting
1197,Sitting
1198,Sitting
1199,Sitting
1200,Sitting
1201,Sitting
1202,Sitting
1203,Sitting
1204,Sitting
1205,Sitting
1206,Sitting
1207,Sitting
1208,Sitting
1209,Sitting
1210,Sitting
1211,Sitting
1212,Sitting
1213,Sitting
1214,Sitting
1215,Sitting
1216,Sitting
1217,Sitting
1218,Sitting
1219,Sitting
1220,Sitting
1221,Sitting
1222,Sitting
1223,Sitting
1224,Sitting
1225,Sitting
1226,Sitting
1227,Sitting
1228,Sitting
1229,Sitting
1230,Sitting
1231,Sitting
1232,Sitting
1233,Sitting
1234,Sitting
1235,Sitting
1236,Sitting
1237,Sitting
1238,Sitting
1239,Sitting
1240,Sitting
1241,Sitting
1242,Sitting
1243,Sitting
1244,Sitting
1245,Sitting
1246,Sitting
1247,Sitting
1248,Sitting
1249,Sitting
1250,Sitting
1251,Sitting
1252,Sitting
1253,Sitting
1254,Sitting
1255,Sitting
1256,Sitting
1257,Sitting
1258,Sitting
1259,Sitting
1260,Sitting
1261,Sitting
1262,Sitting
1263,Sitting
1264,Sitting
1265,Sitting
1266,Sitting
1267,Sitting
1268,Sitting
1269,Sitting
1270,Sitting
1271,Sitting
1272,Sitting
1273,Sitting
1274,Sitting
1275,Sitting
1276,Sitting
1277,Sitting
1278,Sitting
1279,Sitting
1280,Sitting
1281,Sitting
1282,Sitting
1283,Sitting
1284,Sitting
1285,Sitting
1286,Sitting
1287,Sitting
1288,Sitting
1289,Sitting
1290,Sitting
1291,Sitting
1292,Sitting
1293,Sitting
1294,Sitting
1295,Sitting
1296,Sitting
1297,Sitting
1298,Sitting
1299,Sitting
1300,Sitting
1301,Sitting
1302,Sitting
1303,Sitting
1304,Sitting
1305,Sitting
1306,Sitting
1307,Sitting
1308,Sitting
1309,Sitting
1310,Sitting
1311,Sitting
1312,Transition
1313,Transition
1314,Transition
1315,Transition
1316,Transition
1317,Transition
1318,Transition
1319,Transition
1320,Transition
1321,Transition
1322,Transition
1323,Transition
1324,Transition
1325,Transition
1326,Transition
1327,Transition
1328,Transition
1329,Transition
1330,Transition
1331,Transition
1332,Transition
1333,Transition
1334,Transition
1335,Transition
1336,Transition
1337,Transition
1338,Transition
1339,Transition
1340,Transition
1341,Transition
1342,Transition
1343,Transition
1344,Transition
1345,Transition
1346,Transition
1347,Transition
1348,Transition
1349,Transition
1350,Transition
1351,Transition
1352,Transition
1353,Transition
1354,Transition
1355,Transition
1356,Transition
1357,Transition
1358,Transition
1359,Transition
1360,Transition
1361,Transition
1362,Transition
1363,Transition
1364,Transition
1365,Standing
1366,Standing
1367,Standing
1368,Standing
1369,Standing
1370,Standing
1371,Standing
1372,Standing
1373,Standing
1374,Standing
1375,Standing
1376,Standing
1377,Standing
1378,Standing
1379,Standing
1380,Standing
1381,Standing
1382,Standing
1383,Standing
1384,Standing
1385,Standing
1386,Standing
1387,Standing
1388,Standing
1389,Standing
1390,Standing
1391,Standing
1392,Standing
1393,Standing
1394,Standing
1395,Standing
1396,Standing
1397,Standing
1398,Standing
1399,Standing
1400,Standing
1401,Standing
1402,Standing
1403,Standing
1404,Standing
1405,Standing
1406,Standing
1407,Standing
1408,Standing
1409,Standing
1410,Standing
1411,Standing
1412,Standing
1413,Standing
1414,Standing
1415,Standing
1416,Standing
1417,Standing
1418,Standing
1419,Standing
1420,Standing
1421,Standing
1422,Standing
1423,Standing
1424,Standing
1425,Standing
1426,Standing
1427,Standing
1428,Standing
1429,Standing
1430,Standing
1431,Standing
1432,Standing
1433,Standing
1434,Standing
1435,Standing
1436,Standing
1437,Standing
1438,Standing
1439,Standing
1440,Standing
1441,Standing
1442,Standing
1443,Standing
1444,Standing
1445,Standing
1446,Standing
1447,Standing
1448,Standing
1449,Standing
1450,Standing
1451,Standing
1452,Standing
1453,Standing
1454,Standing
1455,Standing
1456,Standing
1457,Standing
1458,Standing
1459,Standing
1460,Standing
1461,Standing
1462,Standing
1463,Standing
1464,Standing
1465,Standing
1466,Standing
1467,Standing
1468,Standing
1469,Standing
1470,Standing
1471,Standing
1472,Standing
1473,Standing
1474,Standing
1475,Standing
1476,Standing
1477,Standing
1478,Standing
1479,Standing
1480,Standing
1481,Standing
1482,Standing
1483,Standing
1484,Standing
1485,Standing
1486,Standing
1487,Standing
1488,Standing
1489,Standing
1490,Standing
1491,Standing
1492,Standing
1493,Standing
1494,Standing
1495,Standing
1496,Standing
1497,Standing
1498,Standing
1499,Standing
1500,Standing
1501,Standing
1502,Standing
1503,Standing
1504,Standing
1505,Standing
1506,Standing
1507,Standing
1508,Standing
1509,Standing
1510,Standing
1511,Standing
1512,Standing
1513,Standing
1514,Standing
1515,Standing
1516,Standing
1517,Standing
1518,Standing
1519,Standing
1520,Standing
1521,Standing
1522,Standing
1523,Standing
1524,Standing
1525,Standing
1526,Standing
1527,Standing
1528,Standing
1529,Standing
1530,Standing
1531,Standing
1532,Standing
1533,Standing
1534,Standing
1535,Standing
1536,Standing
1537,Standing
1538,Standing
1539,Standing
1540,Standing
1541,Standing
1542,Standing
1543,Standing
1544,Standing
1545,Standing
1546,Standing
1547,Standing
1548,Standing
1549,Standing
1550,Standing
1551,Standing
1552,Standing
1553,Standing
1554,Standing
1555,Standing
1556,Standing
1557,Standing
1558,Standing
1559,Standing
1560,Standing
1561,Standing
1562,Standing
1563,Standing
1564,Standing
1565,Standing
1566,Standing
1567,Standing
1568,Standing
1569,Standing
1570,Standing
1571,Standing
1572,Standing
1573,Standing
1574,Standing
1575,Standing
1576,Standing
1577,Standing
1578,Standing
1579,Standing
1580,Standing
1581,Standing
1582,Standing
1583,Standing
1584,Standing
1585,Standing
1586,Standing
1587,Standing
1588,Standing
1589,Standing
1590,Standing
1591,Standing
1592,Standing
1593,Standing
1594,Standing
1595,Standing
1596,Standing
1597,Standing
1598,Standing
1599,Standing
1600,Standing
1601,Standing
1602,Standing
1603,Standing
1604,Standing
1605,Standing
1606,Standing
1607,Standing
1608,Standing
1609,Standing
1610,Standing
1611,Standing
1612,Standing
1613,Standing
1614,Standing
1615,Standing
1616,Standing
1617,Standing
1618,Standing
1619,Standing
1620,Standing
1621,Standing
1622,Standing
1623,Standing
1624,Standing
1625,Standing
1626,Standing
1627,Standing
1628,Standing
1629,Standing
1630,Standing
1631,Standing
1632,Standing
1633,Standing
1634,Standing
1635,Standing
1636,Standing
1637,Standing
1638,Standing
1639,Standing
1640,Standing
1641,Standing
1642,Standing
1643,Standing
1644,Standing
1645,Standing
1646,Standing
1647,Standing
1648,Standing
1649,Standing
1650,Standing
1651,Standing
1652,Standing
1653,Standing
1654,Standing
1655,Standing
1656,Standing
1657,Standing
1658,Standing
1659,Standing
1660,Standing
1661,Standing
1662,Standing
1663,Standing
1664,Standing
1665,Standing
1666,Standing
1667,Standing
1668,Standing
1669,Standing
1670,Standing
1671,Standing
1672,Standing
1673,Standing
1674,Standing
1675,Standing
1676,Standing
1677,Standing
1678,Standing
1679,Standing
1680,Standing
1681,Standing
1682,Standing
1683,Standing
1684,Standing
1685,Standing
1686,Standing
1687,Standing
1688,Standing
1689,Standing
1690,Standing
1691,Standing
1692,Standing
1693,Standing
1694,Standing
1695,Standing
1696,Standing
1697,Standing
1698,Standing
1699,Standing
1700,Standing
1701,Standing
1702,Standing
1703,Standing
1704,Standing
1705,Standing
1706,Standing
1707,Standing
1708,Standing
1709,Standing
1710,Standing
1711,Standing
1712,Standing
1713,Standing
1714,Standing
1715,Standing
1716,Standing
1717,Standing
1718,Standing
1719,Standing
1720,Standing
1721,Standing
1722,Standing
1723,Standing
1724,Standing
1725,Standing
1726,Standing
1727,Standing
1728,Standing
1729,Standing
1730,Standing
1731,Standing
1732,Standing
1733,Standing
1734,Standing
1735,Standing
1736,Standing
1737,Standing
1738,Standing
1739,Standing
1740,Standing
1741,Standing
1742,Standing
1743,Standing
1744,Standing
1745,Standing
1746,Standing
1747,Standing
1748,Standing
1749,Transition
1750,Transition
1751,Transition
1752,Transition
1753,Transition
1754,Transition
1755,Transition
1756,Transition
1757,Transition
1758,Transition
1759,Transition
1760,Transition
1761,Standing
1762,Standing
1763,Standing
1764,Standing
1765,Standing
1766,Standing
1767,Standing
1768,Standing
1769,Standing
1770,Standing
1771,Standing
1772,Standing
1773,Standing
1774,Standing
1775,Standing
1776,Standing
1777,Standing
1778,Standing
1779,Standing
1780,Standing
1781,Standing
1782,Standing
1783,Standing
1784,Standing
1785,Standing
1786,Standing
1787,Standing
1788,Standing
1789,Standing
1790,Standing
1791,Standing
1792,Standing
1793,Standing
1794,Standing
1795,Standing
1796,Standing
1797,Standing
1798,Standing
1799,Standing
1800,Standing
1801,Standing
1802,Standing
1803,Standing
1804,Standing
1805,Standing
1806,Standing
1807,Standing
1808,Standing
1809,Standing
1810,Standing
1811,Standing
1812,Standing
1813,Standing
1814,Standing
1815,Standing
1816,Standing
1817,Standing
1818,Standing
1819,Standing
1820,Standing
1821,Standing
1822,Standing
1823,Standing
1824,Standing
1825,Standing
1826,Standing
1827,Standing
1828,Standing
1829,Standing
1830,Standing
1831,Standing
1832,Standing
1833,Standing
1834,Standing
1835,Transition
1836,Transition
1837,Transition
1838,Transition
1839,Transition
1840,Transition
1841,Transition
1842,Transition
1843,Transition
1844,Transition
1845,Transition
1846,Transition
1847,Transition
1848,Transition
1849,Transition
1850,Transition
1851,Transition
1852,Transition
1853,Transition
1854,Transition
1855,Transition
1856,Transition
1857,Transition
1858,Transition
1859,Transition
1860,Transition
1861,Transition
1862,Transition
1863,Transition
1864,Transition
1865,Transition
1866,Transition
1867,Transition
1868,Transition
1869,Transition
1870,Transition
1871,Transition
1872,Transition
1873,Transition
1874,Transition
1875,Transition
1876,Transition
1877,Transition
1878,Transition
1879,Transition
1880,Transition
1881,Transition
1882,Transition
1883,Transition
1884,Transition
1885,Transition
1886,Transition
1887,Transition
1888,Transition
1889,Transition
1890,Transition
1891,Transition
1892,Transition
1893,Transition
1894,Transition
1895,Transition
1896,Transition
1897,Transition
1898,Transition
1899,Transition
1900,Transition
1901,Transition
1902,Transition
1903,Transition
1904,Transition
1905,Transition
1906,Transition
1907,Transition
1908,Transition
1909,Transition
1910,Transition
1911,Transition
1912,Transition
1913,Transition
1914,Transition
1915,Transition
1916,Transition
1917,Transition
1918,Transition
1919,Transition
1920,Transition
1921,Transition
1922,Transition
1923,Transition
1924,Transition
1925,Transition
1926,Transition
1927,Transition
1928,Transition
1929,Transition
1930,Transition
1931,Transition
1932,Transition
1933,Transition
1934,Transition
1935,Transition
1936,Transition
1937,Transition
1938,Transition
1939,Transition
1940,Transition
1941,Transition
1942,Transition
1943,Transition
1944,Transition
1945,Transition
1946,Transition
1947,Transition
1948,Transition
1949,Transition
1950,Transition
1951,Transition
1952,Transition
1953,Transition
1954,Transition
1955,Transition
1956,Transition
1957,Transition
1958,Transition
1959,Transition
1960,Transition
1961,Transition
1962,Transition
1963,Transition
1964,Transition
1965,Transition
1966,Transition
1967,Transition
1968,Transition
1969,Transition
1970,Transition
1971,Transition
1972,Transition
1973,Transition
1974,Transition
1975,Transition
1976,Transition
1977,Transition
1978,Transition
1979,Transition
1980,Transition
1981,Transition
1982,Transition
1983,Transition
1984,Transition
1985,Transition
1986,Transition
1987,Transition
1988,Transition
1989,Transition
1990,Transition
1991,Transition
1992,Transition
1993,Transition
1994,Transition
1995,Transition
1996,Transition
1997,Transition
1998,Transition
1999,Transition
2000,Transition
2001,Transition
2002,Transition
2003,Transition
2004,Transition
2005,Transition
2006,Transition
2007,Transition
2008,Transition
2009,Transition
2010,Transition
2011,Transition
2012,Transition
2013,Transition
2014,Transition
2015,Transition
2016,Transition
2017,Transition
2018,Transition
2019,Transition
2020,Transition
2021,Transition
2022,Transition
2023,Transition
2024,Transition
2025,Transition
2026,Transition
2027,Transition
2028,Transition
2029,Transition
2030,Transition
2031,Transition
2032,Transition
2033,Transition
2034,Transition
2035,Transition
2036,Transition
2037,Transition
2038,Transition
2039,Transition
2040,Transition
2041,Transition
2042,Transition
2043,Transition
2044,Transition
2045,Transition
2046,Transition
2047,Transition
2048,Transition
2049,Transition
2050,Transition
2051,Transition
2052,Transition
2053,Transition
2054,Transition
2055,Transition
2056,Transition
2057,Transition
2058,Transition
2059,Transition
2060,Transition
2061,Transition
2062,Transition
2063,Transition
2064,Transition
2065,Transition
2066,Transition
2067,Transition
2068,Transition
2069,Transition
2070,Transition
2071,Transition
2072,Transition
2073,Transition
2074,Transition
2075,Transition
2076,Transition
2077,Transition
2078,Transition
2079,Transition
2080,Transition
2081,Transition
2082,Transition
2083,Transition
2084,Transition
2085,Transition
2086,Transition
2087,Transition
2088,Transition
2089,Transition
2090,Transition
2091,Transition
2092,Transition
2093,Transition
2094,Transition
2095,Transition
2096,Transition
2097,Transition
2098,Transition
2099,Transition
2100,Transition
2101,Transition
2102,Transition
2103,Transition
2104,Transition
2105,Transition
2106,Transition
2107,Transition
2108,Transition
2109,Transition
2110,Transition
2111,Transition
2112,Transition
2113,Transition
2114,Transition
2115,Transition
2116,Transition
2117,Transition
2118,Transition
2119,Transition
2120,Transition
2121,Transition
2122,Transition
2123,Transition
2124,Transition
2125,Transition
2126,Transition
2127,Transition
2128,Transition
2129,Transition
2130,Transition
2131,Transition
2132,Transition
2133,Transition
2134,Transition
2135,Transition
2136,Transition
2137,Transition
2138,Transition
2139,Transition
2140,Transition
2141,Transition
2142,Transition
2143,Transition
2144,Transition
2145,Transition
2146,Transition
2147,Transition
2148,Transition
2149,Transition
2150,Transition
2151,Transition
2152,Transition
2153,Transition
2154,Transition
2155,Transition
2156,Transition
2157,Transition
2158,Transition
2159,Transition
2160,Transition
2161,Transition
2162,Transition
2163,Transition
2164,Transition
2165,Transition
2166,Transition
2167,Transition
2168,Transition
2169,Transition
2170,Transition
2171,Transition
2172,Transition
2173,Transition
2174,Transition
2175,Transition
2176,Transition
2177,Transition
2178,Transition
2179,Transition
2180,Transition
2181,Transition
2182,Transition
2183,Transition
2184,Transition
2185,Transition
2186,Transition
2187,Transition
2188,Transition
2189,Transition
2190,Transition
2191,Transition
2192,Transition
2193,Transition
2194,Transition
2195,Transition
2196,Transition
2197,Transition
2198,Transition
2199,Transition
2200,Transition
2201,Transition
2202,Transition
2203,Transition
2204,Transition
2205,Transition
2206,Transition
2207,Transition
2208,Transition
2209,Transition
2210,Transition
2211,Transition
2212,Transition
2213,Transition
2214,Transition
2215,Transition
2216,Transition
2217,Transition
2218,Transition
2219,Transition
2220,Transition
2221,Transition
2222,Transition
2223,Transition
2224,Transition
2225,Transition
2226,Transition
2227,Transition
2228,Transition
2229,Transition
2230,Transition
2231,Transition
2232,Transition
2233,Transition
2234,Transition
2235,Transition
2236,Transition
2237,Transition
2238,Transition
2239,Transition
2240,Transition
2241,Transition
2242,Transition
2243,Transition
2244,Transition
2245,Transition
2246,Transition
2247,Transition
2248,Transition
2249,Transition
2250,Transition
2251,Transition
2252,Transition
2253,Transition
2254,Transition
2255,Transition
2256,Transition
2257,Transition
2258,Transition
2259,Transition
2260,Transition
2261,Transition
2262,Transition
2263,Transition
2264,Transition
2265,Transition
2266,Transition
2267,Transition
2268,Transition
2269,Transition
2270,Transition
2271,Transition
2272,Transition
2273,Transition
2274,Transition
2275,Transition
2276,Transition
2277,Transition
2278,Transition
2279,Transition
2280,Transition
2281,Transition
2282,Transition
2283,Transition
2284,Transition
2285,Transition
2286,Transition
2287,Transition
2288,Transition
2289,Transition
2290,Transition
2291,Transition
2292,Transition
2293,Transition
2294,Transition
2295,Transition
2296,Transition
2297,Transition
2298,Transition
2299,Transition
2300,Transition
2301,Transition
2302,Transition
2303,Transition
2304,Transition
2305,Standing
2306,Standing
2307,Standing
2308,Standing
2309,Standing
2310,Standing
2311,Standing
2312,Standing
2313,Standing
2314,Standing
2315,Standing
2316,Standing
2317,Standing
2318,Standing
2319,Standing
2320,Standing
2321,Standing
2322,Standing
2323,Standing
2324,Standing
2325,Standing
2326,Standing
2327,Standing
2328,Standing
2329,Standing
2330,Standing
2331,Standing
2332,Standing
2333,Standing
2334,Standing
2335,Standing
2336,Standing
2337,Standing
2338,Standing
2339,Standing
2340,Standing
2341,Standing
2342,Standing
2343,Standing
2344,Standing
2345,Standing
2346,Standing
2347,Standing
2348,Standing
2349,Standing
2350,Standing
2351,Standing
2352,Standing
2353,Standing
2354,Standing
2355,Standing
2356,Standing
2357,Standing
2358,Standing
2359,Standing
2360,Standing
2361,Standing
2362,Standing
2363,Standing
2364,Standing
2365,Standing
2366,Standing
2367,Standing
2368,Standing
2369,Standing
2370,Standing
2371,Standing
2372,Standing
2373,Standing
2374,Standing
2375,Standing
2376,Standing
2377,Standing
2378,Standing
2379,Standing
2380,Standing
2381,Standing
2382,Standing
2383,Standing
2384,Standing
2385,Standing
2386,Standing
2387,Standing
2388,Standing
2389,Standing
2390,Standing
2391,Standing
2392,Standing
2393,Standing
2394,Standing
2395,Standing
2396,Standing
2397,Standing
2398,Standing
2399,Standing
2400,Standing
2401,Standing
2402,Standing
2403,Standing
2404,Standing
2405,Standing
2406,Standing
2407,Standing
2408,Standing
2409,Standing
2410,Standing
2411,Standing
2412,Standing
2413,Standing
2414,Standing
2415,Standing
2416,Standing
2417,Standing
2418,Standing
2419,Standing
2420,Standing
2421,Standing
2422,Standing
2423,Standing
2424,Standing
2425,Standing
2426,Standing
2427,Standing
2428,Standing
2429,Standing
2430,Standing
2431,Standing
2432,Standing
2433,Standing
2434,Standing
2435,Standing
2436,Standing
2437,Standing
2438,Standing
2439,Standing
2440,Standing
2441,Standing
2442,Standing
2443,Standing
2444,Standing
2445,Standing
2446,Standing
2447,Standing
2448,Standing
2449,Standing
2450,Standing
2451,Standing
2452,Standing
2453,Standing
2454,Standing
2455,Standing
2456,Standing
2457,Standing
2458,Standing
2459,Standing
2460,Standing
2461,Standing
2462,Standing
2463,Standing
2464,Standing
2465,Standing
2466,Standing
2467,Standing
2468,Standing
2469,Standing
2470,Standing
2471,Standing
2472,Standing
2473,Standing
2474,Standing
2475,Standing
2476,Standing
2477,Standing
2478,Standing
2479,Standing
2480,Standing
2481,Standing
2482,Standing
2483,Standing
2484,Standing
2485,Standing
2486,Standing
2487,Standing
2488,Standing
2489,Standing
2490,Standing
2491,Standing
2492,Standing
2493,Standing
2494,Standing
2495,Standing
2496,Standing
2497,Standing
2498,Standing
2499,Standing
2500,Standing
2501,Standing
2502,Standing
2503,Standing
2504,Standing
2505,Standing
2506,Standing
2507,Standing
2508,Standing
2509,Standing
2510,Standing
2511,Standing
2512,Standing
2513,Standing
2514,Standing
2515,Standing
2516,Standing
2517,Standing
2518,Standing
2519,Standing
2520,Standing
2521,Standing
2522,Standing
2523,Standing
2524,Standing
2525,Standing
2526,Standing
2527,Standing
2528,Standing
2529,Standing
2530,Standing
2531,Standing
2532,Standing
2533,Standing
2534,Standing
2535,Standing
2536,Standing
2537,Standing
2538,Standing
2539,Standing
2540,Standing
2541,Standing
2542,Standing
2543,Standing
2544,Standing
2545,Standing
2546,Standing
2547,Standing
2548,Standing
2549,Standing
2550,Standing
2551,Standing
2552,Standing
2553,Standing
2554,Standing
2555,Standing
2556,Standing
2557,Standing
2558,Standing
2559,Standing
2560,Standing
2561,Standing
2562,Standing
2563,Standing
2564,Standing
2565,Standing
2566,Standing
2567,Standing
2568,Standing
2569,Standing
2570,Standing
2571,Standing
2572,Standing
2573,Standing
2574,Standing
2575,Standing
2576,Standing
2577,Standing
2578,Standing
2579,Standing
2580,Standing
2581,Standing
2582,Standing
2583,Standing
2584,Standing
2585,Standing
2586,Standing
2587,Standing
2588,Standing
2589,Standing
2590,Standing
2591,Standing
2592,Standing
2593,Standing
2594,Standing
2595,Standing
2596,Standing
2597,Standing
2598,Standing
2599,Standing
2600,Standing
2601,Standing
2602,Standing
2603,Standing
2604,Standing
2605,Standing
2606,Standing
2607,Standing
2608,Standing
2609,Standing
2610,Standing
2611,Standing
2612,Standing
2613,Standing
2614,Standing
2615,Standing
2616,Standing
2617,Standing
2618,Standing
2619,Standing
2620,Standing
2621,Standing
2622,Standing
2623,Standing
2624,Standing
2625,Standing
2626,Standing
2627,Standing
2628,Standing
2629,Standing
2630,Standing
2631,Standing
2632,Standing
2633,Standing
2634,Standing
2635,Standing
2636,Standing
2637,Standing
2638,Standing
2639,Standing
2640,Standing
2641,Standing
2642,Standing
2643,Standing
2644,Standing
2645,Standing
2646,Standing
2647,Standing
2648,Standing
2649,Standing
2650,Standing
2651,Standing
2652,Standing
2653,Standing
2654,Standing
2655,Standing
2656,Standing
2657,Standing
2658,Standing
2659,Standing
2660,Standing
2661,Standing
2662,Standing
2663,Standing
2664,Standing
2665,Standing
2666,Standing
2667,Standing
2668,Standing
2669,Standing
2670,Standing
2671,Standing
2672,Standing
2673,Standing
2674,Standing
2675,Standing
2676,Standing
2677,Standing
2678,Standing
2679,Standing
2680,Standing
2681,Standing
2682,Standing
2683,Standing
2684,Standing
2685,Standing
2686,Standing
2687,Standing
2688,Standing
2689,Standing
2690,Standing
2691,Standing
2692,Standing
2693,Standing
2694,Standing
2695,Standing
2696,Standing
2697,Standing
2698,Standing
2699,Standing
2700,Standing
2701,Standing
2702,Standing
2703,Standing
2704,Standing
2705,Standing
2706,Standing
2707,Standing
2708,Standing
2709,Standing
2710,Standing
2711,Standing
2712,Standing
2713,Standing
2714,Standing
2715,Standing
2716,Standing
2717,Standing
2718,Standing
2719,Standing
2720,Standing
2721,Standing
2722,Standing
2723,Standing
2724,Standing
2725,Standing
2726,Standing
2727,Standing
2728,Standing
2729,Standing
2730,Standing
2731,Standing
2732,Standing
2733,Standing
2734,Standing
2735,Standing
2736,Standing
2737,Standing
2738,Standing
2739,Standing
2740,Standing
2741,Standing
2742,Standing
2743,Standing
2744,Standing
2745,Standing
2746,Standing
2747,Standing
2748,Standing
2749,Standing
2750,Standing
2751,Standing
2752,Standing
2753,Standing
2754,Standing
2755,Standing
2756,Standing
2757,Standing
2758,Standing
2759,Standing
2760,Standing
2761,Standing
2762,Standing
2763,Standing
2764,Standing
2765,Standing
2766,Standing
2767,Standing
2768,Standing
2769,Standing
2770,Standing
2771,Standing
2772,Standing
2773,Standing
2774,Standing
2775,Standing
2776,Standing
2777,Standing
2778,Standing
2779,Standing
2780,Standing
2781,Standing
2782,Standing
2783,Standing
2784,Standing
2785,Standing
2786,Standing
2787,Standing
2788,Standing
2789,Standing
2790,Standing
2791,Standing
2792,Standing
2793,Standing
2794,Standing
2795,Standing
2796,Standing
2797,Standing
2798,Standing
2799,Standing
2800,Standing
2801,Standing
2802,Standing
2803,Standing
2804,Standing
2805,Standing
2806,Standing
2807,Standing
2808,Standing
2809,Standing
2810,Standing
2811,Standing
2812,Standing
2813,Standing
2814,Standing
2815,Standing
2816,Standing
2817,Standing
2818,Standing
2819,Standing
2820,Standing
2821,Standing
2822,Standing
2823,Standing
2824,Standing
2825,Standing
2826,Standing
2827,Standing
2828,Standing
2829,Standing
2830,Standing
2831,Standing
2832,Standing
2833,Standing
2834,Standing
2835,Standing
2836,Standing
2837,Standing
2838,Standing
2839,Standing
2840,Standing
2841,Standing
2842,Standing
2843,Standing
2844,Standing
2845,Standing
2846,Standing
2847,Standing
2848,Standing
2849,Standing
2850,Standing
2851,Standing
2852,Standing
2853,Standing
2854,Standing
2855,Standing
2856,Standing
2857,Standing
2858,Standing
2859,Standing
2860,Standing
2861,Standing
2862,Standing
2863,Standing
2864,Standing
2865,Standing
2866,Standing
2867,Standing
2868,Standing
2869,Standing
2870,Standing
2871,Standing
2872,Standing
2873,Standing
2874,Standing
2875,Standing
2876,Standing
2877,Standing
2878,Standing
2879,Standing
2880,Standing
2881,Standing
2882,Standing
2883,Standing
2884,Standing
2885,Standing
2886,Standing
2887,Standing
2888,Standing
2889,Standing
2890,Standing
2891,Standing
2892,Standing
2893,Standing
2894,Standing
2895,Standing
2896,Standing
2897,Standing
2898,Standing
2899,Standing
2900,Standing
2901,Standing
2902,Standing
2903,Standing
2904,Standing
2905,Standing
2906,Standing
2907,Standing
2908,Standing
2909,Standing
2910,Standing
2911,Standing
2912,Standing
2913,Standing
2914,Standing
2915,Standing
2916,Standing
2917,Standing
2918,Standing
2919,Standing
2920,Standing
2921,Standing
2922,Standing
2923,Standing
2924,Standing
2925,Standing
2926,Standing
2927,Standing
2928,Standing
2929,Standing
2930,Standing
2931,Standing
2932,Standing
2933,Standing
2934,Standing
2935,Standing
2936,Standing
2937,Standing
2938,Standing
2939,Standing
2940,Standing
2941,Standing
2942,Standing
2943,Standing
2944,Standing
2945,Standing
2946,Standing
2947,Standing
2948,Standing
2949,Standing
2950,Standing
2951,Standing
2952,Standing
2953,Standing
2954,Standing
2955,Standing
2956,Standing
2957,Standing
2958,Standing
2959,Standing
2960,Standing
2961,Standing
2962,Standing
2963,Standing
2964,Standing
2965,Standing
2966,Standing
2967,Standing
2968,Standing
2969,Standing
2970,Standing
2971,Standing
2972,Standing
2973,Standing
2974,Standing
2975,Standing
2976,Standing
2977,Standing
2978,Standing
2979,Standing
2980,Standing
2981,Standing
2982,Standing
2983,Standing
2984,Standing
2985,Standing
2986,Standing
2987,Standing
2988,Standing
2989,Standing
2990,Standing
2991,Standing
2992,Standing
2993,Standing
2994,Standing
2995,Standing
2996,Standing
2997,Standing
2998,Standing
2999,Standing
3000,Standing
3001,Standing
3002,Standing
3003,Standing
3004,Standing
3005,Standing
3006,Standing
3007,Standing
3008,Standing
3009,Standing
3010,Standing
3011,Standing
3012,Standing
3013,Standing
3014,Walking
3015,Walking
3016,Walking
3017,Walking
3018,Walking
3019,Walking
3020,Walking
3021,Walking
3022,Walking
3023,Walking
3024,Walking
3025,Walking
3026,Walking
3027,Walking
3028,Walking
3029,Walking
3030,Walking
3031,Walking
3032,Walking
3033,Walking
3034,Walking
3035,Walking
3036,Walking
3037,Walking
3038,Walking
3039,Walking
3040,Walking
3041,Walking
3042,Walking
3043,Walking
3044,Walking
3045,Walking
3046,Walking
3047,Walking
3048,Walking
3049,Walking
3050,Walking
3051,Walking
3052,Walking
3053,Walking
3054,Walking
3055,Walking
3056,Walking
3057,Walking
3058,Walking
3059,Walking
3060,Walking
3061,Walking
3062,Walking
3063,Walking
3064,Walking
3065,Walking
3066,Walking
3067,Walking
3068,Walking
3069,Walking
3070,Walking
3071,Walking
3072,Walking
3073,Walking
3074,Walking
3075,Walking
3076,Walking
3077,Walking
3078,Walking
3079,Walking
3080,Walking
3081,Walking
3082,Walking
3083,Walking
3084,Walking
3085,Walking
3086,Walking
3087,Walking
3088,Walking
3089,Walking
3090,Walking
3091,Walking
3092,Walking
3093,Walking
3094,Walking
3095,Walking
3096,Walking
3097,Walking
3098,Walking
3099,Walking
3100,Walking
3101,Walking
3102,Walking
3103,Walking
3104,Walking
3105,Walking
3106,Walking
3107,Walking
3108,Walking
3109,Walking
3110,Walking
3111,Walking
3112,Walking
3113,Walking
3114,Walking
3115,Walking
3116,Walking
3117,Walking
3118,Walking
3119,Walking
3120,Walking
3121,Walking
3122,Walking
3123,Walking
3124,Walking
3125,Walking
3126,Walking
3127,Walking
3128,Walking
3129,Walking
3130,Walking
3131,Walking
3132,Walking
3133,Walking
3134,Walking
3135,Walking
3136,Walking
3137,Walking
3138,Walking
3139,Walking
3140,Walking
3141,Walking
3142,Walking
3143,Walking
3144,Walking
3145,Walking
3146,Walking
3147,Walking
3148,Walking
3149,Walking
3150,Walking
3151,Walking
3152,Walking
3153,Walking
3154,Walking
3155,Walking
3156,Walking
3157,Walking
3158,Walking
3159,Walking
3160,Walking
3161,Walking
3162,Walking
3163,Walking
3164,Walking
3165,Walking
3166,Walking
3167,Walking
3168,Walking
3169,Walking
3170,Walking
3171,Walking
3172,Walking
3173,Walking
3174,Walking
3175,Walking
3176,Walking
3177,Walking
3178,Walking
3179,Walking
3180,Walking
3181,Walking
3182,Walking
3183,Walking
3184,Walking
3185,Walking
3186,Walking
3187,Walking
3188,Walking
3189,Walking
3190,Walking
3191,Walking
3192,Walking
3193,Walking
3194,Walking
3195,Walking
3196,Walking
3197,Walking
3198,Walking
3199,Walking
3200,Walking
3201,Walking
3202,Walking
3203,Walking
3204,Walking
3205,Walking
3206,Walking
3207,Walking
3208,Walking
3209,Walking
3210,Walking
3211,Walking
3212,Walking
3213,Walking
3214,Walking
3215,Walking
3216,Walking
3217,Walking
3218,Walking
3219,Walking
3220,Walking
3221,Walking
3222,Walking
3223,Walking
3224,Walking
3225,Walking
3226,Walking
3227,Walking
3228,Walking
3229,Walking
3230,Walking
3231,Walking
3232,Walking
3233,Walking
3234,Walking
3235,Walking
3236,Walking
3237,Walking
3238,Walking
3239,Walking
3240,Walking
3241,Walking
3242,Walking
3243,Walking
3244,Walking
3245,Walking
3246,Walking
3247,Walking
3248,Walking
3249,Walking
3250,Walking
3251,Walking
3252,Walking
3253,Walking
3254,Walking
3255,Walking
3256,Walking
3257,Walking
3258,Walking
3259,Walking
3260,Walking
3261,Walking
3262,Walking
3263,Walking
3264,Walking
3265,Walking
3266,Walking
3267,Walking
3268,Walking
3269,Walking
3270,Walking
3271,Walking
3272,Walking
3273,Walking
3274,Walking
3275,Walking
3276,Walking
3277,Walking
3278,Walking
3279,Walking
3280,Walking
3281,Walking
3282,Walking
3283,Walking
3284,Walking
3285,Walking
3286,Walking
3287,Walking
3288,Walking
3289,Walking
3290,Walking
3291,Walking
3292,Walking
3293,Walking
3294,Walking
3295,Walking
3296,Walking
3297,Walking
3298,Walking
3299,Walking
3300,Walking
3301,Walking
3302,Walking
3303,Walking
3304,Walking
3305,Walking
3306,Walking
3307,Walking
3308,Walking
3309,Walking
3310,Walking
3311,Walking
3312,Walking
3313,Walking
3314,Walking
3315,Walking
3316,Walking
3317,Walking
3318,Walking
3319,Walking
3320,Walking
3321,Walking
3322,Walking
3323,Walking
3324,Walking
3325,Walking
3326,Walking
3327,Walking
3328,Walking
3329,Walking
3330,Walking
3331,Walking
3332,Walking
3333,Walking
3334,Walking
3335,Walking
3336,Walking
3337,Walking
3338,Walking
3339,Walking
3340,Walking
3341,Walking
3342,Walking
3343,Walking
3344,Walking
3345,Walking
3346,Walking
3347,Walking
3348,Walking
3349,Walking
3350,Walking
3351,Walking
3352,Walking
3353,Walking
3354,Walking
3355,Walking
3356,Walking
3357,Walking
3358,Walking
3359,Walking
3360,Walking
3361,Walking
3362,Walking
3363,Walking
3364,Walking
3365,Walking
3366,Walking
3367,Walking
3368,Walking
3369,Walking
3370,Walking
3371,Walking
3372,Walking
3373,Walking
3374,Walking
3375,Walking
3376,Walking
3377,Walking
3378,Walking
3379,Walking
3380,Walking
3381,Walking
3382,Walking
3383,Walking
3384,Walking
3385,Walking
3386,Walking
3387,Walking
3388,Walking
3389,Walking
3390,Walking
3391,Walking
3392,Walking
3393,Walking
3394,Walking
3395,Walking
3396,Walking
3397,Walking
3398,Walking
3399,Walking
3400,Walking
3401,Walking
3402,Walking
3403,Walking
3404,Walking
3405,Walking
3406,Walking
3407,Walking
3408,Walking
3409,Walking
3410,Walking
3411,Walking
3412,Walking
3413,Walking
3414,Walking
3415,Walking
3416,Walking
3417,Walking
3418,Walking
3419,Walking
3420,Walking
3421,Walking
3422,Walking
3423,Walking
3424,Walking
3425,Walking
3426,Walking
3427,Walking
3428,Walking
3429,Walking
3430,Walking
3431,Walking
3432,Walking
3433,Walking
3434,Walking
3435,Walking
3436,Walking
3437,Walking
3438,Walking
3439,Walking
3440,Walking
3441,Walking
3442,Walking
3443,Walking
3444,Walking
3445,Walking
3446,Walking
3447,Walking
3448,Walking
3449,Walking
3450,Walking
3451,Walking
3452,Walking
3453,Walking
3454,Walking
3455,Walking
3456,Walking
3457,Walking
3458,Walking
3459,Walking
3460,Walking
3461,Walking
3462,Walking
3463,Walking
3464,Walking
3465,Walking
3466,Walking
3467,Walking
3468,Walking
3469,Walking
3470,Walking
3471,Walking
3472,Walking
3473,Walking
3474,Walking
3475,Walking
3476,Walking
3477,Walking
3478,Walking
3479,Walking
3480,Walking
3481,Walking
3482,Walking
3483,Walking
3484,Walking
3485,Walking
3486,Walking
3487,Walking
3488,Walking
3489,Walking
3490,Walking
3491,Walking
3492,Walking
3493,Walking
3494,Walking
3495,Walking
3496,Walking
3497,Walking
3498,Walking
3499,Walking
3500,Walking
3501,Walking
3502,Walking
3503,Walking
3504,Walking
3505,Walking
3506,Walking
3507,Walking
3508,Walking
3509,Walking
3510,Walking
3511,Walking
3512,Walking
3513,Walking
3514,Walking
3515,Walking
3516,Walking
3517,Walking
3518,Walking
3519,Walking
3520,Walking
3521,Walking
3522,Walking
3523,Walking
3524,Walking
3525,Walking
3526,Walking
3527,Walking
3528,Walking
3529,Walking
3530,Walking
3531,Walking
3532,Walking
3533,Walking
3534,Walking
3535,Walking
3536,Walking
3537,Walking
3538,Walking
3539,Walking
3540,Walking
3541,Walking
3542,Walking
3543,Walking
3544,Walking
3545,Walking
3546,Walking
3547,Walking
3548,Walking
3549,Walking
3550,Walking
3551,Walking
3552,Walking
3553,Walking
3554,Walking
3555,Walking
3556,Walking
3557,Walking
3558,Walking
3559,Walking
3560,Walking
3561,Walking
3562,Walking
3563,Walking
3564,Walking
3565,Walking
3566,Walking
3567,Walking
3568,Walking
3569,Walking
3570,Walking
3571,Walking
3572,Walking
3573,Walking
3574,Walking
3575,Walking
3576,Walking
3577,Walking
3578,Walking
3579,Walking
3580,Walking
3581,Walking
3582,Walking
3583,Walking
3584,Walking
3585,Walking
3586,Walking
3587,Walking
3588,Walking
3589,Walking
3590,Walking
3591,Walking
3592,Walking
3593,Walking
3594,Walking
3595,Walking
3596,Walking
3597,Walking
3598,Walking
3599,Walking
3600,Walking
3601,Walking
3602,Walking
3603,Walking
3604,Walking
3605,Walking
3606,Walking
3607,Walking
3608,Walking
3609,Walking
3610,Walking
3611,Walking
3612,Walking
3613,Walking
3614,Walking
3615,Walking
3616,Walking
3617,Walking
3618,Walking
3619,Walking
3620,Walking
3621,Walking
3622,Walking
3623,Walking
3624,Walking
3625,Walking
3626,Walking
3627,Walking
3628,Walking
3629,Walking
3630,Walking
3631,Walking
3632,Walking
3633,Walking
3634,Walking
3635,Walking
3636,Walking
3637,Walking
3638,Walking
3639,Walking
3640,Walking
3641,Walking
3642,Walking
3643,Walking
3644,Walking
3645,Walking
3646,Walking
3647,Walking
3648,Walking
3649,Walking
3650,Walking
3651,Walking
3652,Walking
3653,Walking
3654,Walking
3655,Walking
3656,Walking
3657,Walking
3658,Walking
3659,Walking
3660,Walking
3661,Walking
3662,Walking
3663,Walking
3664,Walking
3665,Walking
3666,Walking
3667,Walking
3668,Walking
3669,Walking
3670,Walking
3671,Walking
3672,Walking
3673,Walking
3674,Walking
3675,Walking
3676,Walking
3677,Walking
3678,Walking
3679,Walking
3680,Walking
3681,Walking
3682,Walking
3683,Walking
3684,Walking
3685,Walking
3686,Walking
3687,Walking
3688,Walking
3689,Walking
3690,Walking
3691,Walking
3692,Walking
3693,Walking
3694,Walking
3695,Walking
3696,Walking
3697,Walking
3698,Walking
3699,Walking
3700,Walking
3701,Walking
3702,Walking
3703,Walking
3704,Walking
3705,Walking
3706,Walking
3707,Walking
3708,Walking
3709,Walking
3710,Walking
3711,Walking
3712,Walking
3713,Walking
3714,Walking
3715,Walking
3716,Walking
3717,Walking
3718,Walking
3719,Walking
3720,Walking
3721,Walking
3722,Walking
3723,Walking
3724,Walking
3725,Walking
3726,Walking
3727,Walking
3728,Walking
3729,Walking
3730,Walking
3731,Walking
3732,Walking
3733,Walking
3734,Walking
3735,Walking
3736,Walking
3737,Walking
3738,Walking
3739,Walking
3740,Walking
3741,Walking
3742,Walking
3743,Walking
3744,Walking
3745,Walking
3746,Walking
3747,Walking
3748,Walking
3749,Walking
3750,Walking
3751,Walking
3752,Walking
3753,Walking
3754,Walking
3755,Walking
3756,Walking
3757,Walking
3758,Walking
3759,Walking
3760,Walking
3761,Walking
3762,Walking
3763,Walking
3764,Walking
3765,Walking
3766,Walking
3767,Walking
3768,Walking
3769,Walking
3770,Walking
3771,Walking
3772,Walking
3773,Walking
3774,Walking
3775,Walking
3776,Walking
3777,Walking
3778,Walking
3779,Walking
3780,Walking
3781,Walking
3782,Walking
3783,Walking
3784,Walking
3785,Walking
3786,Walking
3787,Walking
3788,Walking
3789,Walking
3790,Walking
3791,Walking
3792,Walking
3793,Walking
3794,Walking
3795,Walking
3796,Walking
3797,Walking
3798,Walking
3799,Walking
3800,Walking
3801,Walking
3802,Walking
3803,Walking
3804,Walking
3805,Walking
3806,Walking
3807,Walking
3808,Walking
3809,Walking
3810,Walking
3811,Walking
3812,Walking
3813,Walking
3814,Walking
3815,Walking
3816,Walking
3817,Walking
3818,Walking
3819,Walking
3820,Walking
3821,Walking
3822,Walking
3823,Walking
3824,Walking
3825,Walking
3826,Walking
3827,Walking
3828,Walking
3829,Walking
3830,Walking
3831,Walking
3832,Walking
3833,Walking
3834,Walking
3835,Walking
3836,Walking
3837,Walking
3838,Walking
3839,Walking
3840,Walking
3841,Walking
3842,Walking
3843,Walking
3844,Walking
3845,Walking
3846,Walking
3847,Walking
3848,Walking
3849,Walking
3850,Walking
3851,Walking
3852,Walking
3853,Walking
3854,Walking
3855,Walking
3856,Walking
3857,Walking
3858,Walking
3859,Walking
3860,Walking
3861,Walking
3862,Walking
3863,Walking
3864,Walking
3865,Walking
3866,Walking
3867,Walking
3868,Walking
3869,Walking
3870,Walking
3871,Walking
3872,Walking
3873,Walking
3874,Walking
3875,Walking
3876,Walking
3877,Walking
3878,Walking
3879,Walking
3880,Walking
3881,Walking
3882,Walking
3883,Walking
3884,Walking
3885,Walking
3886,Walking
3887,Walking
3888,Walking
3889,Walking
3890,Walking
3891,Walking
3892,Walking
3893,Walking
3894,Walking
3895,Walking
3896,Walking
3897,Walking
3898,Walking
3899,Walking
3900,Walking
3901,Walking
3902,Walking
3903,Walking
3904,Walking
3905,Walking
3906,Walking
3907,Walking
3908,Walking
3909,Walking
3910,Walking
3911,Walking
3912,Walking
3913,Walking
3914,Walking
3915,Walking
3916,Walking
3917,Walking
3918,Walking
3919,Walking
3920,Walking
3921,Walking
3922,Walking
3923,Walking
3924,Walking
3925,Walking
3926,Walking
3927,Walking
3928,Walking
3929,Walking
3930,Walking
3931,Walking
3932,Walking
3933,Walking
3934,Walking
3935,Walking
3936,Walking
3937,Walking
3938,Walking
3939,Walking
3940,Walking
3941,Walking
3942,Walking
3943,Walking
3944,Walking
3945,Walking
3946,Walking
3947,Walking
3948,Walking
3949,Walking
3950,Walking
3951,Walking
3952,Walking
3953,Walking
3954,Walking
3955,Walking
3956,Walking
3957,Walking
3958,Walking
3959,Walking
3960,Walking
3961,Walking
3962,Walking
3963,Walking
3964,Walking
3965,Walking
3966,Walking
3967,Walking
3968,Walking
3969,Walking
3970,Walking
3971,Walking
3972,Walking
3973,Walking
3974,Walking
3975,Walking
3976,Walking
3977,Walking
3978,Walking
3979,Walking
3980,Walking
3981,Walking
3982,Walking
3983,Walking
3984,Walking
3985,Walking
3986,Walking
3987,Walking
3988,Walking
3989,Walking
3990,Walking
3991,Walking
3992,Walking
3993,Walking
3994,Walking
3995,Walking
3996,Walking
3997,Walking
3998,Walking
3999,Walking
4000,Walking
4001,Walking
4002,Walking
4003,Walking
4004,Walking
4005,Walking
4006,Walking
4007,Walking
4008,Walking
4009,Walking
4010,Walking
4011,Walking
4012,Walking
4013,Walking
4014,Walking
4015,Walking
4016,Walking
4017,Walking
4018,Walking
4019,Walking
4020,Walking
4021,Walking
4022,Walking
4023,Walking
4024,Walking
4025,Walking
4026,Walking
4027,Walking
4028,Walking
4029,Walking
4030,Walking
4031,Walking
4032,Walking
4033,Walking
4034,Walking
4035,Walking
4036,Walking
4037,Walking
4038,Walking
4039,Walking
4040,Walking
4041,Walking
4042,Walking
4043,Walking
4044,Walking
4045,Walking
4046,Walking
4047,Walking
4048,Walking
4049,Walking
4050,Walking
4051,Walking
4052,Walking
4053,Walking
4054,Walking
4055,Walking
4056,Walking
4057,Walking
4058,Walking
4059,Walking
4060,Walking
4061,Walking
4062,Walking
4063,Walking
4064,Walking
4065,Walking
4066,Walking
4067,Walking
4068,Walking
4069,Walking
4070,Walking
4071,Walking
4072,Walking
4073,Walking
4074,Walking
4075,Walking
4076,Walking
4077,Walking
4078,Walking
4079,Walking
4080,Walking
4081,Walking
4082,Walking
4083,Walking
4084,Walking
4085,Walking
4086,Walking
4087,Walking
4088,Walking
4089,Walking
4090,Walking
4091,Walking
4092,Walking
4093,Walking
4094,Walking
4095,Walking
4096,Walking
4097,Walking
4098,Walking
4099,Walking
4100,Walking
4101,Walking
4102,Walking
4103,Walking
4104,Walking
4105,Walking
4106,Walking
4107,Walking
4108,Walking
4109,Walking
4110,Walking
4111,Walking
4112,Walking
4113,Walking
4114,Walking
4115,Walking
4116,Walking
4117,Walking
4118,Walking
4119,Walking
4120,Walking
4121,Walking
4122,Walking
4123,Walking
4124,Walking
4125,Walking
4126,Walking
4127,Walking
4128,Walking
4129,Walking
4130,Walking
4131,Walking
4132,Walking
4133,Walking
4134,Walking
4135,Walking
4136,Walking
4137,Walking
4138,Walking
4139,Walking
4140,Walking
4141,Walking
4142,Walking
4143,Walking
4144,Walking
4145,Walking
4146,Walking
4147,Walking
4148,Walking
4149,Walking
4150,Walking
4151,Walking
4152,Walking
4153,Walking
4154,Walking
4155,Walking
4156,Walking
4157,Walking
4158,Walking
4159,Walking
4160,Walking
4161,Walking
4162,Walking
4163,Walking
4164,Walking
4165,Walking
4166,Walking
4167,Walking
4168,Walking
4169,Walking
4170,Walking
4171,Walking
4172,Walking
4173,Walking
4174,Walking
4175,Walking
4176,Walking
4177,Walking
4178,Walking
4179,Walking
4180,Walking
4181,Walking
4182,Walking
4183,Walking
4184,Walking
4185,Walking
4186,Walking
4187,Walking
4188,Walking
4189,Walking
4190,Walking
4191,Walking
4192,Walking
4193,Walking
4194,Walking
4195,Walking
4196,Walking
4197,Walking
4198,Walking
4199,Walking
4200,Walking
4201,Walking
4202,Walking
4203,Walking
4204,Walking
4205,Walking
4206,Walking
4207,Walking
4208,Walking
4209,Walking
4210,Walking
4211,Walking
4212,Transition
4213,Transition
4214,Transition
4215,Transition
4216,Transition
4217,Transition
4218,Transition
4219,Transition
4220,Transition
4221,Transition
4222,Transition
4223,Transition
4224,Transition
4225,Transition
4226,Transition
4227,Transition
4228,Transition
4229,Transition
4230,Transition
4231,Transition
4232,Transition
4233,Transition
4234,Transition
4235,Transition
4236,Transition
4237,Transition
4238,Transition
4239,Transition
4240,Transition
4241,Transition
4242,Transition
4243,Transition
4244,Transition
4245,Transition
4246,Transition
4247,Transition
4248,Transition
4249,Transition
4250,Transition
4251,Transition
4252,Transition
4253,Transition
4254,Transition
4255,Transition
4256,Transition
4257,Transition
4258,Transition
4259,Transition
4260,Transition
4261,Transition
4262,Transition
4263,Transition
4264,Transition
4265,Transition
4266,Transition
4267,Transition
4268,Transition
4269,Transition
4270,Transition
4271,Transition
4272,Transition
4273,Transition
4274,Transition
4275,Transition
4276,Transition
4277,Transition
4278,Transition
4279,Transition
4280,Transition
4281,Transition
4282,Transition
4283,Transition
4284,Transition
4285,Transition
4286,Transition
4287,Transition
4288,Transition
4289,Transition
4290,Transition
4291,Transition
4292,Transition
4293,Transition
4294,Transition
4295,Transition
4296,Transition
4297,Transition
4298,Transition
4299,Transition
4300,Transition
4301,Transition
4302,Transition
4303,Transition
4304,Transition
4305,Transition
4306,Transition
4307,Transition
4308,Transition
4309,Transition
4310,Transition
4311,Transition
4312,Transition
4313,Running
4314,Running
4315,Running
4316,Running
4317,Running
4318,Running
4319,Running
4320,Running
4321,Running
4322,Running
4323,Running
4324,Running
4325,Running
4326,Running
4327,Running
4328,Running
4329,Running
4330,Running
4331,Running
4332,Transition
4333,Transition
4334,Transition
4335,Transition
4336,Transition
4337,Transition
4338,Transition
4339,Transition
4340,Transition
4341,Transition
4342,Transition
4343,Transition
4344,Transition
4345,Transition
4346,Transition
4347,Transition
4348,Running
4349,Running
4350,Running
4351,Running
4352,Running
4353,Running
4354,Running
4355,Running
4356,Running
4357,Running
4358,Running
4359,Running
4360,Running
4361,Running
4362,Running
4363,Running
4364,Running
4365,Running
4366,Running
4367,Running
4368,Running
4369,Running
4370,Running
4371,Running
4372,Running
4373,Running
4374,Running
4375,Running
4376,Running
4377,Running
4378,Running
4379,Running
4380,Running
4381,Running
4382,Running
4383,Running
4384,Running
4385,Running
4386,Running
4387,Running
4388,Running
4389,Running
4390,Running
4391,Running
4392,Running
4393,Running
4394,Running
4395,Running
4396,Running
4397,Running
4398,Running
4399,Running
4400,Running
4401,Running
4402,Running
4403,Running
4404,Running
4405,Running
4406,Running
4407,Running
4408,Running
4409,Running
4410,Running
4411,Running
4412,Running
4413,Running
4414,Running
4415,Running
4416,Running
4417,Running
4418,Running
4419,Running
4420,Running
4421,Running
4422,Running
4423,Running
4424,Running
4425,Running
4426,Running
4427,Running
4428,Running
4429,Running
4430,Running
4431,Running
4432,Running
4433,Running
4434,Running
4435,Running
4436,Running
4437,Running
4438,Running
4439,Running
4440,Running
4441,Running
4442,Running
4443,Running
4444,Running
4445,Running
4446,Running
4447,Running
4448,Running
4449,Running
4450,Running
4451,Running
4452,Running
4453,Running
4454,Running
4455,Running
4456,Running
4457,Running
4458,Running
4459,Running
4460,Running
4461,Running
4462,Running
4463,Running
4464,Running
4465,Running
4466,Running
4467,Running
4468,Running
4469,Running
4470,Running
4471,Running
4472,Running
4473,Running
4474,Running
4475,Running
4476,Running
4477,Running
4478,Running
4479,Running
4480,Running
4481,Running
4482,Running
4483,Running
4484,Running
4485,Running
4486,Running
4487,Running
4488,Running
4489,Running
4490,Running
4491,Running
4492,Running
4493,Running
4494,Running
4495,Running
4496,Running
4497,Running
4498,Running
4499,Running
4500,Running
4501,Running
4502,Running
4503,Running
4504,Running
4505,Running
4506,Running
4507,Running
4508,Running
4509,Running
4510,Running
4511,Running
4512,Running
4513,Running
4514,Running
4515,Running
4516,Running
4517,Running
4518,Running
4519,Running
4520,Running
4521,Running
4522,Running
4523,Running
4524,Running
4525,Running
4526,Running
4527,Running
4528,Running
4529,Running
4530,Running
4531,Running
4532,Running
4533,Running
4534,Running
4535,Running
4536,Running
4537,Running
4538,Running
4539,Running
4540,Running
4541,Running
4542,Running
4543,Running
4544,Running
4545,Running
4546,Running
4547,Running
4548,Running
4549,Running
4550,Running
4551,Running
4552,Running
4553,Running
4554,Running
4555,Running
4556,Running
4557,Running
4558,Running
4559,Running
4560,Running
4561,Running
4562,Running
4563,Running
4564,Running
4565,Running
4566,Running
4567,Running
4568,Running
4569,Running
4570,Running
4571,Running
4572,Running
4573,Running
4574,Running
4575,Running
4576,Running
4577,Running
4578,Running
4579,Running
4580,Running
4581,Running
4582,Running
4583,Running
4584,Running
4585,Running
4586,Running
4587,Running
4588,Running
4589,Running
4590,Running
4591,Running
4592,Running
4593,Running
4594,Running
4595,Running
4596,Running
4597,Running
4598,Running
4599,Running
4600,Running
4601,Running
4602,Running
4603,Running
4604,Running
4605,Running
4606,Running
4607,Running
4608,Running
4609,Running
4610,Running
4611,Running
4612,Running
4613,Running
4614,Running
4615,Running
4616,Running
4617,Running
4618,Running
4619,Running
4620,Running
4621,Running
4622,Running
4623,Running
4624,Running
4625,Running
4626,Running
4627,Running
4628,Running
4629,Running
4630,Running
4631,Running
4632,Running
4633,Running
4634,Running
4635,Running
4636,Running
4637,Running
4638,Running
4639,Running
4640,Running
4641,Running
4642,Running
4643,Running
4644,Running
4645,Running
4646,Running
4647,Running
4648,Running
4649,Running
4650,Running
4651,Running
4652,Running
4653,Running
4654,Running
4655,Running
4656,Running
4657,Running
4658,Running
4659,Running
4660,Running
4661,Running
4662,Running
4663,Running
4664,Running
4665,Running
4666,Running
4667,Running
4668,Running
4669,Running
4670,Running
4671,Running
4672,Running
4673,Running
4674,Running
4675,Running
4676,Running
4677,Running
4678,Running
4679,Running
4680,Running
4681,Running
4682,Running
4683,Running
4684,Running
4685,Running
4686,Running
4687,Running
4688,Running
4689,Running
4690,Running
4691,Running
4692,Running
4693,Running
4694,Running
4695,Running
4696,Running
4697,Running
4698,Running
4699,Running
4700,Running
4701,Running
4702,Running
4703,Running
4704,Running
4705,Running
4706,Running
4707,Running
4708,Running
4709,Running
4710,Running
4711,Running
4712,Running
4713,Running
4714,Running
4715,Running
4716,Running
4717,Running
4718,Running
4719,Running
4720,Running
4721,Running
4722,Running
4723,Running
4724,Running
4725,Running
4726,Running
4727,Running
4728,Running
4729,Running
4730,Running
4731,Running
4732,Running
4733,Running
4734,Running
4735,Running
4736,Running
4737,Running
4738,Running
4739,Running
4740,Running
4741,Running
4742,Running
4743,Running
4744,Running
4745,Running
4746,Running
4747,Running
4748,Running
4749,Running
4750,Running
4751,Running
4752,Running
4753,Running
4754,Running
4755,Running
4756,Running
4757,Running
4758,Running
4759,Running
4760,Running
4761,Running
4762,Running
4763,Running
4764,Running
4765,Running
4766,Running
4767,Running
4768,Running
4769,Running
4770,Running
4771,Running
4772,Running
4773,Running
4774,Running
4775,Running
4776,Running
4777,Running
4778,Running
4779,Running
4780,Running
4781,Running
4782,Running
4783,Running
4784,Running
4785,Running
4786,Running
4787,Running
4788,Running
4789,Running
4790,Running
4791,Running
4792,Running
4793,Running
4794,Running
4795,Running
4796,Running
4797,Running
4798,Running
4799,Running
4800,Running
4801,Running
4802,Running
4803,Running
4804,Running
4805,Running
4806,Running
4807,Running
4808,Running
4809,Running
4810,Running
4811,Running
4812,Running
4813,Running
4814,Running
4815,Running
4816,Running
4817,Running
4818,Running
4819,Running
4820,Running
4821,Running
4822,Running
4823,Running
4824,Running
4825,Running
4826,Running
4827,Running
4828,Running
4829,Running
4830,Running
4831,Running
4832,Running
4833,Running
4834,Running
4835,Running
4836,Running
4837,Running
4838,Running
4839,Running
4840,Running
4841,Running
4842,Running
4843,Running
4844,Running
4845,Running
4846,Running
4847,Running
4848,Running
4849,Running
4850,Running
4851,Running
4852,Running
4853,Running
4854,Running
4855,Running
4856,Running
4857,Running
4858,Running
4859,Running
4860,Running
4861,Running
4862,Running
4863,Running
4864,Running
4865,Running
4866,Running
4867,Running
4868,Running
4869,Running
4870,Running
4871,Running
4872,Running
4873,Running
4874,Running
4875,Running
4876,Running
4877,Running
4878,Running
4879,Running
4880,Running
4881,Running
4882,Running
4883,Running
4884,Running
4885,Running
4886,Running
4887,Running
4888,Running
4889,Running
4890,Running
4891,Running
4892,Running
4893,Running
4894,Running
4895,Running
4896,Running
4897,Running
4898,Running
4899,Running
4900,Running
4901,Running
4902,Running
4903,Running
4904,Running
4905,Running
4906,Running
4907,Running
4908,Running
4909,Running
4910,Running
4911,Running
4912,Running
4913,Running
4914,Running
4915,Running
4916,Running
4917,Running
4918,Running
4919,Running
4920,Running
4921,Running
4922,Running
4923,Running
4924,Running
4925,Running
4926,Running
4927,Running
4928,Running
4929,Running
4930,Running
4931,Running
4932,Running
4933,Running
4934,Running
4935,Running
4936,Running
4937,Running
4938,Running
4939,Running
4940,Running
4941,Running
4942,Running
4943,Running
4944,Running
4945,Running
4946,Running
4947,Running
4948,Running
4949,Running
4950,Running
4951,Running
4952,Running
4953,Running
4954,Running
4955,Running
4956,Running
4957,Running
4958,Running
4959,Running
4960,Running
4961,Running
4962,Running
4963,Running
4964,Running
4965,Running
4966,Running
4967,Running
4968,Running
4969,Running
4970,Running
4971,Running
4972,Running
4973,Running
4974,Running
4975,Running
4976,Running
4977,Running
4978,Running
4979,Running
4980,Running
4981,Running
4982,Running
4983,Running
4984,Running
4985,Running
4986,Running
4987,Running
4988,Running
4989,Running
4990,Running
4991,Running
4992,Running
4993,Running
4994,Running
4995,Running
4996,Running
4997,Running
4998,Running
4999,Running
5000,Running
5001,Running
5002,Running
5003,Running
5004,Running
5005,Running
5006,Running
5007,Running
5008,Running
5009,Running
5010,Running
5011,Running
5012,Running
5013,Running
5014,Running
5015,Running
5016,Running
5017,Running
5018,Running
5019,Running
5020,Running
5021,Running
5022,Running
5023,Running
5024,Running
5025,Running
5026,Running
5027,Running
5028,Running
5029,Running
5030,Running
5031,Running
5032,Running
5033,Running
5034,Running
5035,Running
5036,Running
5037,Running
5038,Running
5039,Running
5040,Running
5041,Running
5042,Running
5043,Running
5044,Running
5045,Running
5046,Running
5047,Running
5048,Running
5049,Running
5050,Running
5051,Running
5052,Running
5053,Running
5054,Running
5055,Running
5056,Running
5057,Running
5058,Running
5059,Running
5060,Running
5061,Running
5062,Running
5063,Running
5064,Running
5065,Running
5066,Running
5067,Running
5068,Running
5069,Running
5070,Running
5071,Running
5072,Running
5073,Running
5074,Running
5075,Running
5076,Running
5077,Running
5078,Running
5079,Running
5080,Running
5081,Running
5082,Running
5083,Running
5084,Running
5085,Running
5086,Running
5087,Running
5088,Running
5089,Running
5090,Running
5091,Running
5092,Running
5093,Running
5094,Running
5095,Running
5096,Running
5097,Running
5098,Running
5099,Running
5100,Running
5101,Running
5102,Running
5103,Running
5104,Running
5105,Running
5106,Running
5107,Running
5108,Running
5109,Running
5110,Running
5111,Running
5112,Running
5113,Running
5114,Running
5115,Running
5116,Running
5117,Running
5118,Running
5119,Running
5120,Running
5121,Running
5122,Running
5123,Running
5124,Running
5125,Running
5126,Running
5127,Running
5128,Running
5129,Running
5130,Running
5131,Running
5132,Running
5133,Running
5134,Running
5135,Running
5136,Running
5137,Running
5138,Running
5139,Running
5140,Running
5141,Running
5142,Running
5143,Running
5144,Running
5145,Running
5146,Running
5147,Running
5148,Running
5149,Running
5150,Running
5151,Running
5152,Running
5153,Running
5154,Running
5155,Running
5156,Running
5157,Running
5158,Running
5159,Running
5160,Running
5161,Running
5162,Running
5163,Running
5164,Running
5165,Running
5166,Running
5167,Running
5168,Running
5169,Running
5170,Running
5171,Running
5172,Running
5173,Running
5174,Running
5175,Running
5176,Running
5177,Running
5178,Running
5179,Running
5180,Running
5181,Running
5182,Running
5183,Running
5184,Running
5185,Running
5186,Running
5187,Running
5188,Running
5189,Running
5190,Running
5191,Running
5192,Running
5193,Running
5194,Running
5195,Running
5196,Running
5197,Running
5198,Running
5199,Running
5200,Running
5201,Running
5202,Running
5203,Running
5204,Running
5205,Running
5206,Running
5207,Running
5208,Running
5209,Running
5210,Running
5211,Running
5212,Running
5213,Running
5214,Running
5215,Running
5216,Running
5217,Running
5218,Running
5219,Running
5220,Running
5221,Running
5222,Running
5223,Running
5224,Running
5225,Running
5226,Running
5227,Running
5228,Running
5229,Running
5230,Running
5231,Running
5232,Running
5233,Running
5234,Running
5235,Running
5236,Running
5237,Running
5238,Running
5239,Running
5240,Running
5241,Running
5242,Running
5243,Running
5244,Running
5245,Running
5246,Running
5247,Running
5248,Running
5249,Running
5250,Running
5251,Running
5252,Running
5253,Running
5254,Running
5255,Running
5256,Running
5257,Running
5258,Running
5259,Running
5260,Running
5261,Running
5262,Running
5263,Running
5264,Running
5265,Running
5266,Running
5267,Running
5268,Running
5269,Running
5270,Running
5271,Running
5272,Running
5273,Running
5274,Running
5275,Running
5276,Running
5277,Running
5278,Running
5279,Running
5280,Running
5281,Running
5282,Running
5283,Running
5284,Running
5285,Running
5286,Running
5287,Running
5288,Running
5289,Running
5290,Running
5291,Running
5292,Running
5293,Running
5294,Running
5295,Running
5296,Running
5297,Running
5298,Running
5299,Running
5300,Running
5301,Running
5302,Running
5303,Running
5304,Running
5305,Running
5306,Running
5307,Running
5308,Running
5309,Running
5310,Running
5311,Running
5312,Running
5313,Running
5314,Running
5315,Running
5316,Running
5317,Running
5318,Running
5319,Running
5320,Running
5321,Running
5322,Running
5323,Running
5324,Running
5325,Running
5326,Running
5327,Running
5328,Running
5329,Running
5330,Running
5331,Running
5332,Running
5333,Running
5334,Running
5335,Running
5336,Running
5337,Running
5338,Running
5339,Running
5340,Running
5341,Running
5342,Running
5343,Running
5344,Running
5345,Running
5346,Running
5347,Running
5348,Running
5349,Running
5350,Running
5351,Running
5352,Running
5353,Running
5354,Running
5355,Running
5356,Running
5357,Running
5358,Running
5359,Running
5360,Running
5361,Running
5362,Running
5363,Running
5364,Running
5365,Running
5366,Running
5367,Running
5368,Running
5369,Running
5370,Running
5371,Running
5372,Running
5373,Running
5374,Running
5375,Running
5376,Running
5377,Running
5378,Running
5379,Running
5380,Running
5381,Running
5382,Running
5383,Running
5384,Running
5385,Running
5386,Running
5387,Running
5388,Running
5389,Running
5390,Running
5391,Running
5392,Running
5393,Running
5394,Running
5395,Running
5396,Running
5397,Running
5398,Running
5399,Running
5400,Running
5401,Running
5402,Running
5403,Running
5404,Running
5405,Running
5406,Running
5407,Running
5408,Running
5409,Running
5410,Running
5411,Running
5412,Running
5413,Running
5414,Running
5415,Running
5416,Running
5417,Running
5418,Running
5419,Running
5420,Running
5421,Running
5422,Running
5423,Running
5424,Running
5425,Running
5426,Running
5427,Running
5428,Running
5429,Running
5430,Running
5431,Running
5432,Running
5433,Running
5434,Running
5435,Running
5436,Running
5437,Running
5438,Running
5439,Running
5440,Running
5441,Running
5442,Running
5443,Running
5444,Running
5445,Running
5446,Running
5447,Running
5448,Running
5449,Running
5450,Running
5451,Running
5452,Running
5453,Running
5454,Running
5455,Running
5456,Running
5457,Running
5458,Running
5459,Running
5460,Running
5461,Running
5462,Running
5463,Running
5464,Running
5465,Running
5466,Running
5467,Running
5468,Running
5469,Running
5470,Running
5471,Running
5472,Running
5473,Running
5474,Running
5475,Running
5476,Running
5477,Running
5478,Running
5479,Running
5480,Running
5481,Running
5482,Running
5483,Running
5484,Running
5485,Running
5486,Running
5487,Running
5488,Running
5489,Running
5490,Running
5491,Running
5492,Running
5493,Running
5494,Running
5495,Running
5496,Running
5497,Running
5498,Running
5499,Running
